Question,Answer,Satisfaction
How does stress affect the immune system?,Answer not available.,Dissatisfied
what's the symptomes of diabete ?,"The symptoms of diabetes can vary depending on the type (Type 1, Type 2, or Gestational) and the individual. Some people may experience no noticeable symptoms at all, especially in the early stages of Type 2 diabetes.  However, common symptoms include:

* **Frequent Urination (Polyuria):**  The body tries to get rid of excess glucose through urine.
* **Excessive Thirst (Polydipsia):**  Increased urination leads to dehydration and increased thirst.
* **Unexplained Weight Loss:** The body isn't able to use glucose effectively for energy, leading to weight loss.
* **Increased Hunger (Polyphagia):**  Cells are starved of glucose, triggering hunger signals.
* **Blurry Vision:**  High blood sugar can affect the lens and fluid in the eye.
* **Slow-Healing Sores:** High blood sugar impairs circulation and the immune system, hindering wound healing.
* **Frequent Infections:**  High blood sugar weakens the immune system.
* **Numbness or Tingling in the Hands or Feet (Neuropathy):**  High blood sugar can damage nerves.
* **Fatigue:**  The body's inability to use glucose efficiently for energy leads to fatigue.
* **Dry, Itchy Skin:**  Dehydration and poor circulation can contribute to dry, itchy skin.


It is crucial to note that these symptoms are not exclusive to diabetes and can be indicative of other conditions.  **If you are experiencing any of these symptoms, it is essential to consult a healthcare professional for proper diagnosis and management.** They can perform blood tests to confirm a diagnosis of diabetes.  Early diagnosis and treatment are vital to prevent long-term complications.",Satisfied
How is asthma diagnosed?,"Asthma diagnosis involves a combination of medical history review, physical examination, and lung function tests.  For young children, where lung function tests can be difficult, diagnosis relies more heavily on medical history, observation of symptoms, and sometimes a trial of asthma medications.

Here's a breakdown:

**1. Medical and Family History:**

* The doctor will inquire about the patient's personal and family history of asthma and allergies.
* Questions will cover the frequency, timing, and triggers of asthma symptoms (e.g., seasonal variations, specific locations, nighttime worsening).
* The doctor will also ask about other health conditions that could complicate asthma management, such as rhinitis, sinusitis, gastroesophageal reflux disease (GERD), stress, and sleep apnea.

**2. Physical Exam:**

* The doctor will listen to the patient's lungs for wheezing and other abnormal breath sounds.
* They will examine the nose and throat for signs of inflammation or swelling.
* Skin will be checked for signs of allergic conditions like eczema.
* The absence of these signs during the examination doesn't rule out asthma.

**3. Diagnostic Tests:**

* **Spirometry (Lung Function Test):** This is the primary test for diagnosing asthma in individuals old enough to perform it (generally age 5 and up).  It measures the amount and speed of airflow in and out of the lungs.  The test may be repeated after administering a bronchodilator to see if lung function improves, which supports an asthma diagnosis.
* **Other Tests (if needed):**
    * **Allergy Testing:** To identify specific allergens triggering asthma symptoms.
    * **Bronchoprovocation Test:** To assess airway hyperresponsiveness by measuring lung function during exercise or after exposure to cold air or specific chemicals.
    * **Tests for other conditions:**  To rule out conditions that mimic asthma, such as GERD, vocal cord dysfunction, or sleep apnea. This might include imaging studies (chest x-ray) or an electrocardiogram (EKG).

**4. Diagnosing Asthma in Young Children (Under 5):**

* Diagnosis is more challenging in this age group due to the difficulty of performing spirometry.
* Doctors rely on:
    * Parental reports of symptoms.
    * Family history of asthma and allergies.
    * Presence of other allergic conditions like eczema.
    * Wheezing episodes, especially those unrelated to colds.
* A trial of asthma medication for 4-6 weeks may be used to see if the child responds.


It's crucial to consult a medical professional for accurate diagnosis and personalized treatment plans for asthma.  The information provided here is for educational purposes and should not be considered medical advice.",Satisfied
what's the symptomes of diabete ?,"The symptoms of diabetes can vary depending on the type (Type 1, Type 2, or Gestational) and the individual.  Some people may experience no symptoms at all, particularly in the early stages of Type 2 diabetes.  However, common symptoms include:

* **Frequent urination:** Especially at night (nocturia).
* **Excessive thirst (polydipsia):**  A constant feeling of thirst despite drinking fluids.
* **Unexplained weight loss:**  Even with a normal or increased appetite.
* **Increased hunger (polyphagia):** Feeling hungry even after eating.
* **Blurry vision:**  Due to high blood sugar affecting the lens and fluid in the eye.
* **Slow-healing sores:**  High blood sugar can impair circulation and immune function, making it harder for wounds to heal.
* **Frequent infections:**  Such as yeast infections or skin infections.
* **Numbness or tingling:**  In the hands or feet (peripheral neuropathy).
* **Fatigue:** Feeling unusually tired or weak.
* **Dry, itchy skin:** Due to poor circulation and dehydration.


It is crucial to note that these symptoms are not exclusive to diabetes and can be indicative of other conditions.  If you experience any of these symptoms, it is essential to consult a healthcare professional for proper diagnosis and management.  Early diagnosis and treatment of diabetes are vital for preventing long-term complications.",Neutral
